"Name","Age","Gender"
"Dave","34","Female"
"John","59","Female"
"Eve","44","Female"
"Eve","66","Male"
"Grace","20","Female"
"Ivan","65","Male"
"Eve","35","Male"
"Dave","38","Female"
"Bob","56","Female"
"Charlie","18","Female"
"Grace","24","Female"
"Fay","62","Female"
"Heidi","40","Male"
"Heidi","33","Male"
"Alice","28","Female"
"Fay","52","Female"
"Grace","58","Male"
"Grace","56","Female"
"Heidi","39","Male"
"Alice","52","Male"
"Dave","50","Male"
"Ivan","60","Male"
"Heidi","62","Female"
"Ivan","53","Male"
"Charlie","59","Female"
"Eve","57","Female"
"John","45","Female"
"Eve","66","Female"
"Dave","28","Female"
"John","22","Female"
"Bob","35","Male"
"Eve","21","Male"
"Heidi","55","Male"
"Alice","48","Female"
"Eve","41","Male"
"Eve","47","Female"
"Eve","56","Male"
"Grace","48","Male"
"John","29","Female"
"Alice","20","Male"
"Ivan","47","Female"
"Ivan","25","Female"
"John","69","Female"
"Charlie","70","Male"
"Grace","27","Female"
"Eve","41","Female"
"Bob","18","Male"
"Grace","66","Male"
"Bob","35","Male"
"John","58","Female"
"John","69","Male"
"Charlie","39","Female"
"Dave","48","Male"
"Dave","44","Male"
"Fay","33","Female"
"Heidi","66","Female"
"Charlie","35","Female"
"Alice","28","Male"
"Charlie","35","Female"
"Ivan","21","Male"
"Heidi","57","Male"
"Alice","27","Female"
"Alice","47","Female"
"Grace","21","Female"
"Ivan","25","Female"
"Ivan","34","Male"
"Eve","52","Male"
"Fay","22","Female"
"Grace","44","Female"
"Bob","54","Male"
"John","24","Male"
"Eve","50","Male"
"Dave","35","Female"
"Ivan","55","Female"
"Charlie","45","Male"
"Charlie","69","Female"
"Fay","32","Male"
"Charlie","40","Female"
"Charlie","49","Male"
"Eve","26","Female"
"Charlie","47","Female"
"Charlie","46","Male"
"Heidi","49","Male"
"Charlie","52","Male"
"Eve","35","Male"
"Grace","46","Female"
"Dave","65","Male"
"Dave","34","Female"
"John","26","Male"
"Alice","62","Male"
"Dave","25","Male"
"Ivan","30","Female"
"Eve","50","Female"
"John","38","Female"
"Dave","61","Male"
"John","29","Male"
"Alice","47","Female"
"Bob","58","Female"
"Charlie","18","Female"
"Bob","38","Male"
"John","63","Male"
"Eve","46","Female"
"Bob","31","Male"
"John","55","Female"
"Grace","65","Female"
"Dave","57","Female"
"Ivan","68","Male"
"John","22","Male"
"Bob","64","Female"
"Grace","30","Female"
"Bob","55","Male"
"Ivan","66","Female"
"Bob","22","Female"
"Eve","59","Female"
"Eve","54","Female"
"Bob","34","Male"
"Eve","36","Female"
"Charlie","55","Female"
"Alice","48","Male"
"Bob","64","Female"
"Ivan","53","Male"
"Alice","66","Female"
"Charlie","18","Male"
"Fay","67","Female"
"Heidi","27","Male"
"Bob","68","Female"
"Eve","51","Female"
"John","66","Male"
"John","67","Male"
"Fay","30","Male"
"John","24","Female"
"Fay","69","Female"
"Eve","54","Male"
"Eve","53","Male"
"Heidi","56","Female"
"Heidi","54","Male"
"Heidi","48","Male"
"Bob","68","Male"
"Eve","37","Male"
"Bob","56","Male"
"John","62","Male"
"Heidi","53","Male"
"Heidi","32","Male"
"Eve","47","Female"
"Heidi","69","Male"
"Bob","35","Male"
"Heidi","21","Female"
"Charlie","47","Female"
"Eve","45","Female"
"John","21","Female"
"Charlie","51","Male"
"Eve","69","Male"
"Fay","45","Female"
"Ivan","54","Female"
"Heidi","39","Female"
"John","57","Male"
"Heidi","60","Female"
"Dave","28","Female"
"Ivan","47","Male"
"John","67","Male"
"Ivan","47","Female"
"Fay","42","Male"
"Dave","68","Female"
"Eve","34","Female"
"Alice","18","Male"
"Heidi","54","Female"
"John","52","Female"
"Charlie","31","Female"
"Ivan","19","Male"
"Fay","20","Male"
"Dave","20","Male"
"Grace","37","Female"
"Heidi","70","Male"
"Heidi","30","Female"
"Ivan","48","Female"
"Bob","57","Female"
"Heidi","39","Female"
"Fay","31","Male"
"Fay","67","Female"
"Ivan","44","Female"
"Alice","69","Female"
"Fay","30","Female"
"Heidi","67","Male"
"Heidi","18","Female"
"Eve","19","Female"
"Bob","54","Female"
"Eve","28","Female"
"Fay","60","Female"
"Eve","50","Male"
"Fay","46","Male"
"Dave","20","Male"
"Grace","46","Female"
"John","19","Male"
"Heidi","31","Female"
"Charlie","37","Female"
"Fay","65","Female"
"Dave","35","Male"
"Heidi","54","Female"
"Bob","25","Female"
"Eve","24","Male"
"Ivan","27","Female"
"Grace","33","Female"
"Dave","36","Female"
"Eve","47","Female"
"Charlie","60","Male"
"Dave","36","Male"
"Eve","20","Female"
"Eve","47","Female"
"Grace","35","Male"
"Ivan","53","Male"
"Ivan","37","Female"
"Ivan","34","Male"
"Grace","41","Male"
"Eve","30","Female"
"Bob","53","Male"
"Eve","63","Male"
"Ivan","20","Male"
"Grace","38","Male"
"Grace","21","Male"
"Dave","35","Male"
"Alice","62","Female"
"Bob","56","Female"
"Bob","60","Female"
"Heidi","28","Male"
"Alice","55","Male"
"Dave","60","Female"
"Heidi","58","Male"
"Charlie","65","Female"
"John","45","Male"
"Bob","22","Female"
"Dave","69","Female"
"Dave","40","Female"
"John","55","Female"
"Heidi","53","Female"
"Alice","48","Female"
"Alice","25","Male"
"John","42","Male"
"Eve","42","Male"
"Heidi","65","Female"
"Heidi","33","Male"
"Charlie","28","Female"
"Charlie","37","Male"
"John","31","Female"
"Ivan","57","Female"
"Eve","55","Male"
"Grace","57","Female"
"Eve","36","Female"
"Bob","25","Female"
"Alice","42","Male"
"Alice","50","Female"
"Bob","62","Male"
"Alice","57","Female"
"Charlie","70","Female"
"Bob","58","Female"
"Dave","65","Female"
"Dave","70","Female"
"Dave","54","Female"
"Bob","60","Male"
"Dave","34","Male"
"Grace","70","Female"
"Grace","44","Female"
"Fay","58","Female"
"Alice","34","Female"
"Fay","64","Male"
"Grace","50","Male"
"Bob","48","Male"
"Eve","38","Female"
"Alice","41","Male"
"Ivan","33","Male"
"Dave","62","Female"
"Ivan","37","Male"
"Ivan","52","Male"
"Bob","45","Male"
"John","63","Female"
"Ivan","52","Male"
"Alice","35","Female"
"Ivan","41","Female"
"John","45","Male"
"Fay","31","Male"
"John","66","Male"
"Charlie","41","Male"
"Heidi","48","Male"
"Charlie","23","Male"
"Eve","57","Female"
"Eve","51","Female"
"Heidi","67","Female"
"Heidi","52","Male"
"Grace","46","Male"
"John","70","Male"
"Eve","19","Female"
"Heidi","22","Female"
"Grace","39","Male"
"Grace","26","Female"
"Alice","68","Female"
"Heidi","51","Female"
"Charlie","53","Male"
"Grace","66","Female"
"John","53","Male"
"Charlie","43","Female"
"Ivan","23","Female"
"John","19","Female"
"Fay","53","Male"
"Charlie","25","Male"
"Bob","19","Male"
"Charlie","19","Male"
"Fay","25","Male"
"Eve","43","Male"
"Eve","54","Female"
"Grace","31","Male"
"Heidi","62","Female"
"Dave","68","Male"
"John","45","Male"
"Heidi","50","Male"
"Dave","61","Male"
"Charlie","37","Male"
"Grace","52","Female"
"Charlie","63","Male"
"Alice","54","Female"
"Eve","34","Male"
"Eve","66","Male"
"Ivan","60","Female"
"Bob","61","Female"
"Dave","21","Male"
"Bob","26","Female"
"Eve","37","Male"
"Dave","64","Female"
"Grace","18","Female"
"Bob","70","Female"
"Grace","38","Female"
"Alice","50","Male"
"Fay","52","Female"
"Dave","61","Female"
"John","23","Female"
"John","39","Female"
"Eve","42","Female"
"Alice","20","Female"
"Ivan","25","Female"
"Ivan","62","Male"
"Fay","29","Male"
"Fay","69","Male"
"Grace","46","Female"
"Heidi","49","Male"
"Heidi","19","Female"
"Grace","34","Female"
"John","68","Male"
"Heidi","36","Female"
"Fay","32","Female"
"Heidi","39","Male"
"Ivan","65","Female"
"Heidi","65","Male"
"Eve","23","Female"
"Fay","51","Female"
"Alice","60","Male"
"Grace","20","Female"
"Charlie","45","Male"
"Ivan","58","Female"
"Bob","37","Male"
"John","33","Male"
"Heidi","25","Female"
"Bob","62","Male"
"Grace","47","Female"
"Heidi","53","Female"
"Charlie","51","Female"
"Charlie","66","Male"
"Alice","67","Male"
"Grace","34","Female"
"Fay","42","Female"
"Ivan","23","Female"
"Charlie","69","Female"
"Alice","60","Female"
"Dave","37","Male"
"Ivan","35","Female"
"Grace","63","Female"
"Alice","50","Male"
"Eve","40","Female"
"Dave","51","Female"
"Grace","56","Male"
"Eve","27","Female"
"Fay","23","Female"
"Fay","30","Female"
"Grace","60","Male"
"Ivan","34","Male"
"Alice","35","Female"
"Ivan","22","Female"
"Fay","43","Male"
"John","32","Male"
"Eve","63","Female"
"Heidi","35","Male"
"Charlie","47","Male"
"Alice","24","Female"
"Charlie","46","Male"
"Dave","28","Male"
"John","23","Female"
"Eve","54","Female"
"Alice","54","Female"
"Charlie","38","Male"
"Charlie","68","Male"
"Charlie","68","Female"
"John","40","Female"
"John","28","Male"
"Heidi","61","Female"
"Charlie","48","Female"
"Fay","32","Female"
"Ivan","69","Female"
"Eve","66","Female"
"Eve","19","Male"
"Bob","58","Male"
"Alice","25","Female"
"Bob","23","Female"
"Alice","33","Male"
"Eve","59","Male"
"Charlie","70","Male"
"Alice","50","Male"
"Alice","41","Female"
"John","32","Female"
"Grace","52","Female"
"Heidi","47","Female"
"Charlie","69","Female"
"Eve","43","Female"
"Dave","22","Male"
"Fay","18","Female"
"Eve","44","Female"
"Bob","38","Female"
"Ivan","23","Female"
"Heidi","42","Male"
"Alice","35","Male"
"Charlie","22","Male"
"John","50","Male"
"Heidi","67","Female"
"Eve","35","Female"
"Ivan","26","Male"
"Dave","27","Male"
"Dave","54","Male"
"Alice","49","Male"
"Grace","48","Female"
"Heidi","27","Female"
"Fay","62","Male"
"Charlie","66","Female"
"Grace","53","Male"
"Eve","50","Male"
"Dave","32","Male"
"Eve","41","Female"
"Fay","50","Male"
"Charlie","46","Female"
"Grace","61","Female"
"Eve","51","Female"
"John","68","Female"
"Dave","64","Male"
"Ivan","62","Female"
"Eve","26","Female"
"Grace","55","Male"
"Dave","20","Male"
"Dave","35","Male"
"Heidi","33","Female"
"John","21","Female"
"Heidi","39","Male"
"Eve","66","Female"
"Fay","68","Female"
"Ivan","47","Male"
"Eve","55","Female"
"Bob","40","Male"
"Grace","36","Male"
"John","25","Male"
"Eve","67","Female"
"John","44","Female"
"Eve","22","Female"
"Fay","63","Female"
"Alice","43","Male"
"Ivan","44","Male"
"Bob","69","Female"
"Ivan","65","Male"
"Charlie","37","Male"
"Ivan","32","Female"
"Alice","36","Female"
"Eve","50","Male"
"Bob","45","Female"
"Charlie","54","Male"
"Ivan","56","Female"
"Grace","38","Male"
"Charlie","62","Male"
"Ivan","21","Female"
"Charlie","36","Male"
"Alice","31","Male"
"Bob","69","Female"
"Grace","67","Female"
"Bob","49","Female"
"Eve","51","Female"
"Ivan","36","Male"
"Grace","30","Male"
"Fay","65","Male"
"Fay","45","Male"
"Bob","57","Male"
"Eve","52","Female"
"Fay","25","Male"
"John","48","Male"
"Heidi","63","Female"
"John","34","Male"
"Grace","19","Female"
"Fay","42","Female"
"Dave","34","Female"
"Ivan","63","Male"
"Fay","45","Female"
"Dave","55","Female"
"Bob","68","Female"
"Grace","42","Male"
"Alice","66","Male"
"Ivan","30","Female"
"Bob","22","Female"
"Bob","66","Male"
"Dave","69","Male"
"Fay","64","Male"
"Charlie","58","Male"
"Bob","32","Male"
"Bob","67","Female"
"Alice","28","Female"
"John","45","Male"
"Ivan","32","Female"
"John","56","Male"
"Bob","31","Male"
"Heidi","22","Female"
"Eve","40","Male"
"John","33","Male"
"Heidi","47","Female"
"Heidi","32","Male"
"Alice","60","Female"
"John","43","Male"
"Dave","29","Female"
"Heidi","49","Female"
"Bob","45","Female"
"Eve","40","Male"
"Dave","64","Female"
"Eve","61","Female"
"Heidi","38","Female"
"Fay","20","Male"
"Charlie","43","Male"
"Fay","18","Female"
"Eve","49","Female"
"Fay","64","Male"
"Bob","24","Male"
"Fay","36","Male"
"Dave","40","Male"
"Dave","64","Female"
"Ivan","43","Male"
"Charlie","31","Male"
"Fay","30","Male"
"Dave","55","Male"
"Alice","37","Male"
"Eve","49","Female"
"Eve","46","Male"
"Heidi","37","Female"
"Ivan","58","Female"
"Dave","58","Male"
"Dave","43","Female"
"Fay","65","Male"
"John","47","Female"
"Ivan","46","Male"
"Grace","70","Male"
"Dave","60","Male"
"Alice","28","Male"
"Dave","38","Male"
"Fay","35","Female"
"Fay","18","Female"
"Heidi","57","Female"
"Grace","56","Female"
"Dave","52","Male"
"Eve","19","Male"
"Bob","66","Male"
"Ivan","40","Male"
"Ivan","63","Male"
"Eve","67","Female"
"Bob","40","Male"
"Dave","57","Female"
"Charlie","46","Female"
"Alice","19","Female"
"Dave","39","Female"
"Heidi","20","Male"
"Eve","50","Male"
"Dave","68","Female"
"Heidi","24","Female"
"Charlie","56","Male"
"Alice","53","Female"
"Grace","54","Female"
"Heidi","41","Male"
"Alice","69","Female"
"Bob","36","Female"
"Alice","56","Female"
"Alice","43","Female"
"Grace","64","Female"
"Dave","33","Male"
"John","67","Male"
"Charlie","45","Male"
"Alice","39","Male"
"Alice","19","Male"
"Fay","27","Male"
"Fay","69","Female"
"John","35","Male"
"Bob","29","Male"
"Eve","18","Male"
"Grace","21","Male"
"Ivan","54","Male"
"Bob","38","Male"
"Charlie","37","Male"
"Ivan","65","Female"
"John","23","Male"
"Fay","38","Male"
"Ivan","22","Male"
"Bob","59","Male"
"Charlie","34","Female"
"Grace","34","Female"
"Eve","23","Female"
"John","50","Male"
"Dave","40","Male"
"Charlie","21","Male"
"John","26","Male"
"Bob","46","Male"
"Eve","59","Male"
"Alice","28","Male"
"Grace","56","Female"
"Alice","46","Female"
"Eve","49","Female"
"Charlie","62","Female"
"Alice","29","Male"
"Grace","52","Female"
"Charlie","45","Female"
"John","67","Female"
"Bob","25","Female"
"Grace","57","Female"
"Charlie","56","Male"
"John","23","Female"
"Bob","27","Female"
"Fay","42","Female"
"Ivan","30","Female"
"Bob","58","Male"
"Charlie","51","Male"
"Ivan","32","Male"
"Ivan","63","Female"
"Dave","33","Female"
"Charlie","22","Female"
"Charlie","40","Male"
"Ivan","70","Male"
"Heidi","20","Male"
"Alice","25","Male"
"Dave","63","Female"
"Grace","26","Male"
"John","23","Male"
"Alice","57","Female"
"Eve","33","Male"
"Ivan","33","Male"
"Bob","59","Male"
"Heidi","43","Male"
"Bob","40","Male"
"Charlie","43","Male"
"Heidi","43","Female"
"Bob","37","Female"
"Ivan","47","Female"
"Heidi","27","Female"
"Grace","29","Female"
"Heidi","53","Female"
"Bob","44","Female"
"Eve","57","Male"
"Eve","36","Male"
"Fay","26","Male"
"John","19","Male"
"Eve","53","Male"
"Fay","68","Male"
"Eve","67","Male"
"Ivan","64","Female"
"Fay","28","Male"
"Eve","28","Female"
"Bob","42","Male"
"Bob","49","Female"
"Bob","61","Male"
"Fay","45","Female"
"Charlie","31","Male"
"Fay","32","Female"
"John","23","Male"
"Charlie","41","Male"
"Ivan","60","Male"
"Bob","57","Female"
"Alice","67","Male"
"Fay","55","Male"
"Alice","56","Female"
"Grace","29","Female"
"Dave","61","Female"
"Fay","42","Male"
"Alice","35","Female"
"Fay","39","Male"
"Fay","48","Female"
"Fay","36","Female"
"Fay","43","Female"
"Bob","47","Female"
"Dave","55","Male"
"Bob","67","Female"
"Bob","58","Male"
"Eve","67","Male"
"Bob","60","Female"
"Ivan","49","Female"
"Eve","57","Female"
"Heidi","29","Male"
"Dave","32","Male"
"Charlie","50","Female"
"Dave","19","Female"
"Alice","19","Female"
"Dave","54","Male"
"Heidi","43","Female"
"Bob","30","Female"
"Ivan","26","Male"
"Ivan","68","Female"
"Dave","30","Male"
"Fay","42","Female"
"Charlie","37","Female"
"John","21","Male"
"Heidi","28","Female"
"Dave","25","Male"
"Dave","70","Female"
"Dave","46","Male"
"Alice","32","Male"
"John","26","Female"
"John","64","Male"
"John","53","Female"
"John","53","Female"
"John","35","Female"
"Grace","41","Female"
"Fay","30","Male"
"Eve","63","Female"
"Dave","25","Female"
"Charlie","65","Female"
"Eve","64","Male"
"Charlie","57","Male"
"Dave","48","Female"
"Alice","37","Female"
"Eve","60","Female"
"Fay","63","Female"
"Grace","68","Female"
"Charlie","19","Male"
"John","61","Male"
"John","36","Female"
"Grace","32","Female"
"Eve","43","Male"
"Eve","55","Male"
"John","26","Male"
"John","68","Female"
"Ivan","52","Male"
"Charlie","44","Female"
"Charlie","29","Female"
"Dave","62","Female"
"Heidi","29","Male"
"Heidi","58","Female"
"John","54","Male"
"Alice","67","Male"
"Dave","30","Male"
"Ivan","35","Male"
"Ivan","49","Male"
"Fay","28","Female"
"Alice","66","Male"
"Charlie","28","Female"
"John","29","Female"
"Charlie","47","Female"
"Grace","52","Female"
"Grace","28","Female"
"Grace","30","Female"
"Fay","67","Male"
"Bob","57","Female"
"Fay","66","Male"
"John","28","Male"
"Bob","20","Male"
"Grace","65","Male"
"Grace","29","Male"
"Bob","64","Female"
"Fay","69","Female"
"Alice","70","Male"
"Eve","59","Male"
"Grace","45","Male"
"John","21","Male"
"Dave","34","Female"
"Charlie","18","Male"
"Dave","31","Male"
"Dave","56","Male"
"Eve","22","Female"
"Heidi","21","Male"
"John","37","Female"
"Alice","35","Male"
"Dave","34","Female"
"Charlie","25","Male"
"Alice","42","Female"
"Dave","29","Male"
"John","40","Male"
"Fay","45","Female"
"Heidi","20","Female"
"Heidi","26","Male"
"Fay","26","Male"
"Eve","43","Male"
"Charlie","56","Female"
"Charlie","70","Female"
"Eve","51","Female"
"Fay","42","Female"
"Dave","39","Male"
"Ivan","22","Female"
"Heidi","49","Female"
"Alice","69","Male"
"Eve","29","Female"
"Heidi","55","Male"
"Alice","25","Female"
"Dave","40","Male"
"Heidi","60","Male"
"John","49","Male"
"Eve","27","Male"
"Grace","69","Male"
"Alice","69","Male"
"Grace","36","Female"
"Heidi","41","Male"
"John","37","Male"
"Grace","43","Female"
"Dave","23","Female"
"Ivan","43","Female"
"Ivan","63","Female"
"Fay","65","Female"
"Heidi","42","Male"
"Grace","69","Female"
"Dave","62","Male"
"Ivan","44","Male"
"Alice","61","Female"
"John","50","Male"
"John","48","Male"
"Dave","32","Female"
"Fay","25","Male"
"Eve","50","Female"
"Fay","19","Female"
"Alice","65","Female"
"Grace","63","Female"
"Grace","61","Male"
"John","44","Male"
"Grace","33","Female"
"Fay","22","Male"
"John","28","Female"
"Charlie","39","Male"
"Bob","57","Male"
"Grace","60","Female"
"Dave","61","Female"
"Bob","48","Male"
"Heidi","40","Male"
"Dave","18","Male"
"Fay","35","Male"
"Fay","30","Female"
"Charlie","45","Male"
"Alice","61","Male"
"Dave","65","Male"
"Charlie","40","Female"
"Dave","49","Female"
"Dave","70","Male"
"Fay","52","Male"
"Eve","52","Female"
"Heidi","60","Male"
"Alice","22","Male"
"Charlie","54","Male"
"Bob","37","Female"
"Ivan","62","Male"
"Grace","35","Male"
"Charlie","66","Male"
"Alice","65","Female"
"Heidi","24","Female"
"Bob","24","Male"
"Eve","66","Male"
"Eve","27","Male"
"Charlie","46","Male"
"Alice","31","Male"
"Fay","27","Female"
"Bob","39","Female"
"Dave","20","Male"
"Charlie","27","Female"
"Ivan","64","Male"
"Alice","54","Female"
"Dave","46","Female"
"Ivan","70","Male"
"Charlie","18","Female"
"Dave","28","Female"
"Grace","31","Female"
"Charlie","61","Female"
"Charlie","20","Male"
"Bob","55","Female"
"Bob","25","Male"
"Alice","41","Male"
"Eve","48","Female"
"John","35","Male"
"Alice","21","Male"
"Ivan","65","Male"
"Alice","52","Male"
"Fay","34","Male"
"Ivan","69","Female"
"Heidi","36","Male"
"Fay","68","Male"
"Eve","60","Female"
"John","36","Female"
"Grace","46","Female"
"Eve","53","Female"
"Bob","44","Female"
"Dave","67","Male"
"Ivan","57","Male"
"Grace","60","Male"
"Eve","64","Male"
"Charlie","23","Male"
"Grace","46","Male"
"Fay","61","Female"
"Grace","37","Female"
"Eve","28","Female"
"Fay","28","Male"
"Ivan","27","Male"
"Eve","45","Female"
"Grace","53","Female"
"Alice","29","Female"
"Eve","50","Male"
"Grace","56","Female"
"Heidi","49","Female"
"Heidi","69","Female"
"Charlie","40","Female"
"Dave","45","Male"
"Eve","39","Female"
"Fay","51","Female"
"Ivan","62","Female"
"Fay","59","Female"
"Bob","69","Female"
"Ivan","61","Male"
"Eve","53","Male"
"Dave","59","Male"
"Grace","41","Female"
"Ivan","58","Female"
"John","70","Female"
"Grace","41","Female"
"Alice","26","Male"
"Bob","59","Male"
"Dave","63","Female"
"John","65","Male"
"Dave","33","Female"
"Heidi","54","Male"
"Ivan","19","Female"
"Heidi","48","Female"
"Bob","55","Male"
"Dave","60","Male"
"Eve","18","Male"
"Alice","37","Male"
"Grace","24","Female"
"Eve","47","Male"
"Heidi","21","Female"
"Dave","49","Male"
"Dave","47","Female"
"Alice","34","Female"
"Ivan","21","Male"
"Grace","44","Female"
"Bob","24","Female"
"Alice","59","Male"
"John","55","Female"
"Alice","29","Female"
"John","35","Female"
"Alice","61","Female"
"Alice","21","Female"
"Fay","38","Male"
"Heidi","45","Male"
"Heidi","46","Female"
"Eve","32","Male"
"Bob","32","Male"
"John","34","Male"
"Grace","53","Female"
"Charlie","56","Female"
"Fay","61","Male"
"John","45","Female"
"Dave","56","Male"
"Eve","41","Male"
"Eve","38","Male"
"Ivan","41","Male"
"Charlie","52","Female"
"Ivan","50","Male"
"John","19","Male"
"Fay","40","Male"
"Dave","39","Male"
"Eve","22","Female"
"John","63","Female"
"John","58","Male"
"Alice","57","Female"
"Bob","42","Female"
"John","40","Female"
"Bob","35","Female"
"Bob","70","Female"
"Ivan","44","Female"
"Fay","26","Male"
"Grace","23","Female"
"Heidi","51","Female"
"Ivan","40","Male"
"Heidi","36","Male"
"Bob","28","Female"
"Charlie","47","Male"
"Grace","29","Female"
"Grace","48","Female"
"Dave","25","Male"
"Grace","48","Female"
"Bob","60","Female"
"Charlie","39","Male"
"Alice","25","Male"
"Alice","43","Female"
"Alice","62","Male"
"Grace","37","Male"
